*Date,*Amount,*Payee,*Description,*Reference,AccountCode,TaxType,Notes,MORGAN_ACCOUNT,MORGAN_TAX,MORGAN_NOTES
23/02/2026,-80.14,"Sp All Americanautopts MITCHELL PARK","Card transaction of 80.14 AUD issued by Sp All Americanautopts MITCHELL PARK","",,,"REVIEW - No rule matched",,,
19/02/2026,-37.88,"Anthropic ANTHROPIC.COM","Card transaction of 33.00 USD issued by Anthropic ANTHROPIC.COM (fee: 0.13 AUD)","",,,"REVIEW - No rule matched",,,
19/02/2026,-0.13,"Anthropic ANTHROPIC.COM","Wise Charges for: CARD-3471309048","",,,"REVIEW - No rule matched",,,
18/02/2026,-26.75,"Red Hill Pharmacy RED HILL","Card transaction of 26.75 AUD issued by Red Hill Pharmacy RED HILL","",,,"REVIEW - No rule matched",,,
15/02/2026,-21.80,"Brisbane Entertainment BOONDALL","Card transaction of 21.80 AUD issued by Brisbane Entertainment BOONDALL","",,,"REVIEW - No rule matched",,,
15/02/2026,-18.00,"Brisbane Entertainment BOONDALL","Card transaction of 18.00 AUD issued by Brisbane Entertainment BOONDALL","",,,"REVIEW - No rule matched",,,
15/02/2026,-8.00,"Brisbane Entertainment BOONDALL","Card transaction of 8.00 AUD issued by Brisbane Entertainment BOONDALL","",,,"REVIEW - No rule matched",,,
15/02/2026,-6.70,"Brisbane Entertainment BOONDALL","Card transaction of 6.70 AUD issued by Brisbane Entertainment BOONDALL","",,,"REVIEW - No rule matched",,,
15/02/2026,-6.20,"Brisbane Entertainment BOONDALL","Card transaction of 6.20 AUD issued by Brisbane Entertainment BOONDALL","",,,"REVIEW - No rule matched",,,
15/02/2026,-18.00,"Sq *Bec Car Parking Boondall","Card transaction of 18.00 AUD issued by Sq *Bec Car Parking Boondall","",,,"REVIEW - No rule matched",,,
13/02/2026,-16.58,"Bite* Bbnew Alley SANCROX","Card transaction of 16.58 AUD issued by Bite* Bbnew Alley SANCROX","",,,"REVIEW - No rule matched",,,
13/02/2026,-45.79,"Ableton Ag BERLIN","Card transaction of 45.79 AUD issued by Ableton Ag BERLIN","",,,"REVIEW - No rule matched",,,
13/02/2026,-98.95,"Asana.com SYDNEY","Card transaction of 98.95 AUD issued by Asana.com SYDNEY","",,,"REVIEW - No rule matched",,,
12/02/2026,-5.34,"Nightowl - Noosaville NOOSAVILLE","Card transaction of 5.34 AUD issued by Nightowl - Noosaville NOOSAVILLE","",,,"REVIEW - No rule matched",,,
12/02/2026,-74.30,"Sp Hey Posy TORQUAY","Card transaction of 74.30 AUD issued by Sp Hey Posy TORQUAY","",,,"REVIEW - No rule matched",,,
04/02/2026,-10.39,"Flannerys Chermside CHERMSIDE","Card transaction of 10.39 AUD issued by Flannerys Chermside CHERMSIDE","",,,"REVIEW - No rule matched",,,
03/02/2026,-65.50,"7-Eleven 4237 CARRARA","Card transaction of 65.50 AUD issued by 7-Eleven 4237 CARRARA","",,,"REVIEW - No rule matched",,,
01/02/2026,-47.78,"# B & W F Valley Fortitude Val","Card transaction of 47.78 AUD issued by # B & W F Valley Fortitude Val","",,,"REVIEW - No rule matched",,,
31/01/2026,-109.00,"Sp Ozcarparts.com.au SMITHFIELD","Card transaction of 109.00 AUD issued by Sp Ozcarparts.com.au SMITHFIELD","",,,"REVIEW - No rule matched",,,
27/01/2026,-295.00,"Goals Psychology MELBOURNE","Card transaction of 295.00 AUD issued by Goals Psychology MELBOURNE","",,,"REVIEW - No rule matched",,,
22/01/2026,-16.85,"Sp The Vinyl Loft NORTH LAKES","Card transaction of 16.85 AUD issued by Sp The Vinyl Loft NORTH LAKES","",,,"REVIEW - No rule matched",,,
20/01/2026,-260.70,"Rad Stickers WARRNAMBOOL","Card transaction of 260.70 AUD issued by Rad Stickers WARRNAMBOOL","",,,"REVIEW - No rule matched",,,
19/01/2026,-54.38,"Smp*Creole Soul Kitche0 SPRING HILL","Card transaction of 54.38 AUD issued by Smp*Creole Soul Kitche0 SPRING HILL","",,,"REVIEW - No rule matched",,,
17/01/2026,-10.25,"Cornerstone Parking Pt BRISBANE CITY","Card transaction of 10.25 AUD issued by Cornerstone Parking Pt BRISBANE CITY","",,,"REVIEW - No rule matched",,,
17/01/2026,-5.00,"Sq *Ocrf 3 Capes Ni And T Hamilton","Card transaction of 5.00 AUD issued by Sq *Ocrf 3 Capes Ni And T Hamilton","",,,"REVIEW - No rule matched",,,
17/01/2026,-80.01,"Modi Corporation RED HILL","Card transaction of 80.01 AUD issued by Modi Corporation RED HILL","",,,"REVIEW - No rule matched",,,
17/01/2026,-10.30,"Mcdonalds Kenmore KENMORE","Card transaction of 10.30 AUD issued by Mcdonalds Kenmore KENMORE","",,,"REVIEW - No rule matched",,,
16/01/2026,-25.81,"Kelvin Lee Hot Bread KELVIN GROVE","Card transaction of 25.81 AUD issued by Kelvin Lee Hot Bread KELVIN GROVE","",,,"REVIEW - No rule matched",,,
14/01/2026,-101.65,"Smp*Momosho Pet Spa Paddington","Card transaction of 101.65 AUD issued by Smp*Momosho Pet Spa Paddington","",,,"REVIEW - No rule matched",,,
13/01/2026,-19.00,"Sq *Tiger Burger West End","Card transaction of 19.00 AUD issued by Sq *Tiger Burger West End","",,,"REVIEW - No rule matched",,,
12/01/2026,-139.22,"Seasons Supermarkets 1 MAROOCHYDORE","Card transaction of 139.22 AUD issued by Seasons Supermarkets 1 MAROOCHYDORE","",,,"REVIEW - No rule matched",,,
11/01/2026,-259.00,"Sp Ozcarparts.com.au SMITHFIELD","Card transaction of 259.00 AUD issued by Sp Ozcarparts.com.au SMITHFIELD","",,,"REVIEW - No rule matched",,,
10/01/2026,-5.50,"Reddy Express 1779 Bulimba","Card transaction of 5.50 AUD issued by Reddy Express 1779 Bulimba","",,,"REVIEW - No rule matched",,,
08/01/2026,-26.20,"Sq *Pepperjack Sandwiches South Brisban","Card transaction of 26.20 AUD issued by Sq *Pepperjack Sandwiches South Brisban","",,,"REVIEW - No rule matched",,,
07/01/2026,-13.26,"Bobachicken Kelvingrov Kelvin Grove","Card transaction of 13.26 AUD issued by Bobachicken Kelvingrov Kelvin Grove","",,,"REVIEW - No rule matched",,,
06/01/2026,-53.17,"Www.theballpark.au WWW.THEBALLPA","Card transaction of 53.17 AUD issued by Www.theballpark.au WWW.THEBALLPA","",,,"REVIEW - No rule matched",,,
06/01/2026,-295.00,"Goals Psychology MELBOURNE","Card transaction of 295.00 AUD issued by Goals Psychology MELBOURNE","",,,"REVIEW - No rule matched",,,
06/01/2026,-1.50,"7-Eleven 4144 WEST END","Card transaction of 1.50 AUD issued by 7-Eleven 4144 WEST END","",,,"REVIEW - No rule matched",,,
06/01/2026,-9.14,"Sq *Tiger Burger West End","Card transaction of 9.14 AUD issued by Sq *Tiger Burger West End","",,,"REVIEW - No rule matched",,,
05/01/2026,-23.11,"Motto Motto Newmarket NEWMARKET","Card transaction of 23.11 AUD issued by Motto Motto Newmarket NEWMARKET","",,,"REVIEW - No rule matched",,,
05/01/2026,-329.99,"Bcf Everton Park EVERTON PARK","Card transaction of 329.99 AUD issued by Bcf Everton Park EVERTON PARK","",,,"REVIEW - No rule matched",,,
05/01/2026,-72.00,"Rtm Aspley Aspley","Card transaction of 72.00 AUD issued by Rtm Aspley Aspley","",,,"REVIEW - No rule matched",,,
03/01/2026,-200.00,"Dorsettgcfrontdesk Brisbane City","Card transaction of 200.00 AUD issued by Dorsettgcfrontdesk Brisbane City","",,,"REVIEW - No rule matched",,,
03/01/2026,-11.16,"Maggie Choo's BROADBEACH","Card transaction of 11.16 AUD issued by Maggie Choo's BROADBEACH","",,,"REVIEW - No rule matched",,,
01/01/2026,-19.44,"Sq *Pepperjack Sandwiches South Brisban","Card transaction of 19.44 AUD issued by Sq *Pepperjack Sandwiches South Brisban","",,,"REVIEW - No rule matched",,,
31/12/2025,-40.02,"Reddy Express 1870 Banyo","Card transaction of 40.02 AUD issued by Reddy Express 1870 Banyo","",,,"REVIEW - No rule matched",,,
30/12/2025,-30.00,"Www.momoshopetspa.com PADDINGTON","Card transaction of 30.00 AUD issued by Www.momoshopetspa.com PADDINGTON","",,,"REVIEW - No rule matched",,,
28/12/2025,-60.66,"Samuel James Jackson NEW FARM","Card transaction of 60.66 AUD issued by Samuel James Jackson NEW FARM","",,,"REVIEW - No rule matched",,,
27/12/2025,-17.40,"Ww Metro/105-109 Commerci TENERIFFE","Card transaction of 17.40 AUD issued by Ww Metro/105-109 Commerci TENERIFFE","",,,"REVIEW - No rule matched",,,
26/12/2025,-66.00,"Bws/634 Gympie Road - Ten CHERMSIDE","Card transaction of 66.00 AUD issued by Bws/634 Gympie Road - Ten CHERMSIDE","",,,"REVIEW - No rule matched",,,
25/12/2025,-43.59,"Han Jan Brisbane City","Card transaction of 43.59 AUD issued by Han Jan Brisbane City","",,,"REVIEW - No rule matched",,,
25/12/2025,-4.99,"Primevideo SYDNEY","Card transaction of 4.99 AUD issued by Primevideo SYDNEY","",,,"REVIEW - No rule matched",,,
24/12/2025,-98.00,"Mannys Fortitude Val","Card transaction of 98.00 AUD issued by Mannys Fortitude Val","",,,"REVIEW - No rule matched",,,
20/12/2025,-51.26,"Mr Percivals BRISBANE","Card transaction of 51.26 AUD issued by Mr Percivals BRISBANE","",,,"REVIEW - No rule matched",,,
15/12/2025,-134.67,"Paypal *Interparcel 01300006031","Card transaction of 105.00 AUD issued by Paypal *Interparcel 01300006031","",,,"REVIEW - No rule matched",,,
15/12/2025,-105.00,"Paypal *Interparcel 01300006031","Card transaction of 105.00 AUD issued by Paypal *Interparcel 01300006031","",,,"REVIEW - No rule matched",,,
15/12/2025,-49.48,"Sp Heapsgood CAULFIELD NOR","Card transaction of 49.48 AUD issued by Sp Heapsgood CAULFIELD NOR","",,,"REVIEW - No rule matched",,,
14/12/2025,-299.25,"Paypal *Interparcel 01300006031","Card transaction of 299.25 AUD issued by Paypal *Interparcel 01300006031","",,,"REVIEW - No rule matched",,,
13/12/2025,-4.50,"Cocacolaepp Robina","Card transaction of 4.50 AUD issued by Cocacolaepp Robina","",,,"REVIEW - No rule matched",,,
13/12/2025,-3.60,"Cocacolaepp Robina","Card transaction of 3.60 AUD issued by Cocacolaepp Robina","",,,"REVIEW - No rule matched",,,
09/12/2025,-20.32,"Sq *Chipstars Ashgrove","Card transaction of 20.32 AUD issued by Sq *Chipstars Ashgrove","",,,"REVIEW - No rule matched",,,
09/12/2025,-22.80,"Suncorp Stadium MILTON","Card transaction of 22.80 AUD issued by Suncorp Stadium MILTON","",,,"REVIEW - No rule matched",,,
04/12/2025,-8.25,"Mcdonalds Mobys Vics COOCHIN CREEK","Card transaction of 8.25 AUD issued by Mcdonalds Mobys Vics COOCHIN CREEK","",,,"REVIEW - No rule matched",,,
04/12/2025,-177.00,"Mannys Fortitude Val","Card transaction of 177.00 AUD issued by Mannys Fortitude Val","",,,"REVIEW - No rule matched",,,
03/12/2025,-86.08,"Signet Pty Ltd WAKERLEY","Card transaction of 86.08 AUD issued by Signet Pty Ltd WAKERLEY","",,,"REVIEW - No rule matched",,,
03/12/2025,-35.90,"Carrolls Woodcraft Sup GROVEDALE","Card transaction of 35.90 AUD issued by Carrolls Woodcraft Sup GROVEDALE","",,,"REVIEW - No rule matched",,,
01/12/2025,-5.17,"Yuens Market FORTITUDE VAL","Card transaction of 5.17 AUD issued by Yuens Market FORTITUDE VAL","",,,"REVIEW - No rule matched",,,
01/12/2025,-51.36,"Eh&py Pty Ltd FORTITUDE VAL","Card transaction of 51.36 AUD issued by Eh&py Pty Ltd FORTITUDE VAL","",,,"REVIEW - No rule matched",,,
28/11/2025,-47.00,"Royal On The Park BRISBANE CITY","Card transaction of 47.00 AUD issued by Royal On The Park BRISBANE CITY","",,,"REVIEW - No rule matched",,,
27/11/2025,-33.66,"Figma FIGMA.COM","Card transaction of 22.00 USD issued by Figma FIGMA.COM (fee: 0.12 AUD)","",,,"REVIEW - No rule matched",,,
27/11/2025,-0.12,"Figma FIGMA.COM","Wise Charges for: CARD-3164890650","",,,"REVIEW - No rule matched",,,
27/11/2025,-59.73,"Sp Eventide Audio STORE.EVENTID","Card transaction of 39.00 USD issued by Sp Eventide Audio STORE.EVENTID (fee: 0.21 AUD)","",,,"REVIEW - No rule matched",,,
27/11/2025,-0.21,"Sp Eventide Audio STORE.EVENTID","Wise Charges for: CARD-3164772151","",,,"REVIEW - No rule matched",,,
27/11/2025,-29.10,"Sp Eventide Audio STORE.EVENTID","Card transaction of 19.00 USD issued by Sp Eventide Audio STORE.EVENTID (fee: 0.10 AUD)","",,,"REVIEW - No rule matched",,,
27/11/2025,-0.10,"Sp Eventide Audio STORE.EVENTID","Wise Charges for: CARD-3164769702","",,,"REVIEW - No rule matched",,,
26/11/2025,-14.35,"Ww Metro/105-109 Commerci TENERIFFE","Card transaction of 14.35 AUD issued by Ww Metro/105-109 Commerci TENERIFFE","",,,"REVIEW - No rule matched",,,
24/11/2025,-12.30,"Nabropure Water Vendin SEVENTEEN MIL","Card transaction of 12.30 AUD issued by Nabropure Water Vendin SEVENTEEN MIL","",,,"REVIEW - No rule matched",,,
21/11/2025,-7.75,"Lonshi Pty Ltd KELVIN GROVE","Card transaction of 7.75 AUD issued by Lonshi Pty Ltd KELVIN GROVE","",,,"REVIEW - No rule matched",,,
19/11/2025,-239.00,"Goldcoastmu 0755327174","Card transaction of 239.00 AUD issued by Goldcoastmu 0755327174","",,,"REVIEW - No rule matched",,,
17/11/2025,-13.79,"Hitworld Music Group HITWORLD.BEAT","Card transaction of 8.99 USD issued by Hitworld Music Group HITWORLD.BEAT (fee: 0.05 AUD)","",,,"REVIEW - No rule matched",,,
17/11/2025,-0.05,"Hitworld Music Group HITWORLD.BEAT","Wise Charges for: CARD-3130065085","",,,"REVIEW - No rule matched",,,
15/11/2025,-15.27,"Ww Metro/105-109 Commerci TENERIFFE","Card transaction of 15.27 AUD issued by Ww Metro/105-109 Commerci TENERIFFE","",,,"REVIEW - No rule matched",,,
10/11/2025,-234.86,"Paypal *Viator-Trip It-17 4029357733","Card transaction of 153.28 USD issued by Paypal *Viator-Trip It-17 4029357733 (fee: 0.82 AUD)","",,,"REVIEW - No rule matched",,,
10/11/2025,-0.82,"Paypal *Viator-Trip It-17 4029357733","Wise Charges for: CARD-3103977540","",,,"REVIEW - No rule matched",,,
09/11/2025,-930.67,"Paypal *Makeblockhk 4029357733","Card transaction of 930.67 AUD issued by Paypal *Makeblockhk 4029357733","",,,"REVIEW - No rule matched",,,
05/11/2025,-96.63,"Hk Star Pty Ltd CHERMSIDE","Card transaction of 96.63 AUD issued by Hk Star Pty Ltd CHERMSIDE","",,,"REVIEW - No rule matched",,,
05/11/2025,-100.39,"Travelex Fxb - Adelaide S BRISBANE CITY","Card transaction of 100.39 AUD issued by Travelex Fxb - Adelaide S BRISBANE CITY","",,,"REVIEW - No rule matched",,,
04/11/2025,-29.15,"A Place 2 Meat P L NEWMARKET","Card transaction of 29.15 AUD issued by A Place 2 Meat P L NEWMARKET","",,,"REVIEW - No rule matched",,,
03/11/2025,-30.00,"Www.momoshopetspa.com PADDINGTON","Card transaction of 30.00 AUD issued by Www.momoshopetspa.com PADDINGTON","",,,"REVIEW - No rule matched",,,
01/11/2025,-130.47,"Lefkas Taverna West End","Card transaction of 130.47 AUD issued by Lefkas Taverna West End","",,,"REVIEW - No rule matched",,,
30/10/2025,-76.90,"Meat@billy's ASHGROVE","Card transaction of 76.90 AUD issued by Meat@billy's ASHGROVE","",,,"REVIEW - No rule matched",,,
30/10/2025,-83.98,"Macpac Everton Park EVERTON PARK","Card transaction of 83.98 AUD issued by Macpac Everton Park EVERTON PARK","",,,"REVIEW - No rule matched",,,
29/10/2025,-100.01,"Modi Corporation RED HILL","Card transaction of 100.01 AUD issued by Modi Corporation RED HILL","",,,"REVIEW - No rule matched",,,
28/10/2025,-280.00,"Queensland Govt 2 BRISBANE","Card transaction of 280.00 AUD issued by Queensland Govt 2 BRISBANE","",,,"REVIEW - No rule matched",,,
26/10/2025,-87.12,"Palmbeachslssupporter Palm Beach","Card transaction of 87.12 AUD issued by Palmbeachslssupporter Palm Beach","",,,"REVIEW - No rule matched",,,
26/10/2025,-9.95,"Mcdonalds Burlgh Wtr BURLEIGH WATE","Card transaction of 9.95 AUD issued by Mcdonalds Burlgh Wtr BURLEIGH WATE","",,,"REVIEW - No rule matched",,,
22/10/2025,-12.04,"Sq *Esk Bakery Esk","Card transaction of 12.04 AUD issued by Sq *Esk Bakery Esk","",,,"REVIEW - No rule matched",,,
21/10/2025,-33.98,"Chemist Warehouse MARYBOROUGH","Card transaction of 33.98 AUD issued by Chemist Warehouse MARYBOROUGH","",,,"REVIEW - No rule matched",,,
17/10/2025,-18.70,"Smp*Brumbys Edge Hill Edge Hill","Card transaction of 18.70 AUD issued by Smp*Brumbys Edge Hill Edge Hill","",,,"REVIEW - No rule matched",,,
16/10/2025,-9.99,"Amznprimeau Membership SYDNEY SOUTH","Card transaction of 9.99 AUD issued by Amznprimeau Membership SYDNEY SOUTH","",,,"REVIEW - No rule matched",,,
15/10/2025,-0.11,"Bounce SHIBUYAKU","Wise Charges for: CARD-3010446308","",,,"REVIEW - No rule matched",,,
15/10/2025,-0.11,"Bounce SHIBUYAKU","Wise Charges for: CARD-3009894499","",,,"REVIEW - No rule matched",,,
13/10/2025,-0.64,"Gfg Huriidamu SETAGAYAKU","Wise Charges for: CARD-3003003437","",,,"REVIEW - No rule matched",,,
11/10/2025,-0.12,"Makotoyashibuyacentergait OTAKU","Wise Charges for: CARD-2996186249","",,,"REVIEW - No rule matched",,,
10/10/2025,-1.11,"Ruby Jack S Steakhouse An MINATOKU","Wise Charges for: CARD-2993374990","",,,"REVIEW - No rule matched",,,
09/10/2025,-0.35,"Sq*Mooneyes Area-1 YOKOHAMA","Wise Charges for: CARD-2988579898","",,,"REVIEW - No rule matched",,,
09/10/2025,-0.16,"Nissan Boutique YOKOHAMASI","Wise Charges for: CARD-2988434054","",,,"REVIEW - No rule matched",,,
07/10/2025,-27.23,"A.saily London","Card transaction of 17.99 USD issued by A.saily London (fee: 0.09 AUD)","",,,"REVIEW - No rule matched",,,
07/10/2025,-0.09,"A.saily London","Wise Charges for: CARD-2981532325","",,,"REVIEW - No rule matched",,,
07/10/2025,-307.30,"Jb Hi Fi KEDRON","Card transaction of 307.30 AUD issued by Jb Hi Fi KEDRON","",,,"REVIEW - No rule matched",,,
06/10/2025,-80.06,"Modi Corporation RED HILL","Card transaction of 80.06 AUD issued by Modi Corporation RED HILL","",,,"REVIEW - No rule matched",,,
03/10/2025,-114.80,"Woka Woka Fortitude Va Fortitude Val","Card transaction of 114.80 AUD issued by Woka Woka Fortitude Va Fortitude Val","",,,"REVIEW - No rule matched",,,
03/10/2025,-6.00,"Wise Card Acquisition","Wise Card Acquisition","",,,"REVIEW - No rule matched",,,
02/10/2025,-17.19,"Zlr*Yard Dogs Fortitude Val","Card transaction of 17.19 AUD issued by Zlr*Yard Dogs Fortitude Val","",,,"REVIEW - No rule matched",,,
01/10/2025,-139.15,"Makeyourowngearaus BLACKHEATH","Card transaction of 139.15 AUD issued by Makeyourowngearaus BLACKHEATH","",,,"REVIEW - No rule matched",,,
29/09/2025,-45.12,"Collection House Newstead","Card transaction of 45.12 AUD issued by Collection House Newstead","",,,"REVIEW - No rule matched",,,
28/09/2025,-20.14,"Hsw Fellinis BRISBANE","Card transaction of 20.14 AUD issued by Hsw Fellinis BRISBANE","",,,"REVIEW - No rule matched",,,
28/09/2025,-71.60,"Hsw Fellinis BRISBANE","Card transaction of 71.60 AUD issued by Hsw Fellinis BRISBANE","",,,"REVIEW - No rule matched",,,
27/09/2025,-19.21,"Cebeci Pty  Ltd WEST END","Card transaction of 19.21 AUD issued by Cebeci Pty  Ltd WEST END","",,,"REVIEW - No rule matched",,,
26/09/2025,-56.01,"Nosq Pty Ltd KELVIN GROVE","Card transaction of 56.01 AUD issued by Nosq Pty Ltd KELVIN GROVE","",,,"REVIEW - No rule matched",,,
22/09/2025,-129.95,"Apple R384 Chermside CHERMSIDE","Card transaction of 129.95 AUD issued by Apple R384 Chermside CHERMSIDE","",,,"REVIEW - No rule matched",,,
21/09/2025,-10.10,"Red Hill Cinema RED HILL","Card transaction of 10.10 AUD issued by Red Hill Cinema RED HILL","",,,"REVIEW - No rule matched",,,
16/09/2025,-129.23,"Efisolut 0755760689","Card transaction of 129.23 AUD issued by Efisolut 0755760689","",,,"REVIEW - No rule matched",,,
12/09/2025,-47.00,"Repco ALBION","Card transaction of 47.00 AUD issued by Repco ALBION","",,,"REVIEW - No rule matched",,,
11/09/2025,-52.50,"Nosq Pty Ltd KELVIN GROVE","Card transaction of 52.50 AUD issued by Nosq Pty Ltd KELVIN GROVE","",,,"REVIEW - No rule matched",,,
10/09/2025,-49.72,"Efisolut 0755760689","Card transaction of 49.72 AUD issued by Efisolut 0755760689","",,,"REVIEW - No rule matched",,,
09/09/2025,-32.53,"Efisolut 0755760689","Card transaction of 32.53 AUD issued by Efisolut 0755760689","",,,"REVIEW - No rule matched",,,
04/09/2025,-124.95,"Dragon Image Pty Ltd BOWEN HILLS","Card transaction of 124.95 AUD issued by Dragon Image Pty Ltd BOWEN HILLS","",,,"REVIEW - No rule matched",,,
04/09/2025,-104.02,"Next Practice Albion Albion","Card transaction of 104.02 AUD issued by Next Practice Albion Albion","",,,"REVIEW - No rule matched",,,
02/09/2025,-17.15,"Sq *Ozi Yiros Brisbane City","Card transaction of 17.15 AUD issued by Sq *Ozi Yiros Brisbane City","",,,"REVIEW - No rule matched",,,
02/09/2025,-51.82,"Death And Taxes Cockt Brisbane City","Card transaction of 51.82 AUD issued by Death And Taxes Cockt Brisbane City","",,,"REVIEW - No rule matched",,,
02/09/2025,-30.30,"The Elizabeth Theatr BRISBANE CITY","Card transaction of 30.30 AUD issued by The Elizabeth Theatr BRISBANE CITY","",,,"REVIEW - No rule matched",,,
31/08/2025,-4.50,"Sq *Koala Rescue Brisbane Woolloongabba","Card transaction of 4.50 AUD issued by Sq *Koala Rescue Brisbane Woolloongabba","",,,"REVIEW - No rule matched",,,
30/08/2025,-57.90,"Harris Farm Markets Pt WEST END","Card transaction of 57.90 AUD issued by Harris Farm Markets Pt WEST END","",,,"REVIEW - No rule matched",,,
28/08/2025,-104.02,"Next Practice Albion Albion","Card transaction of 104.02 AUD issued by Next Practice Albion Albion","",,,"REVIEW - No rule matched",,,
19/08/2025,-39.49,"Am.saily*Saily London","Card transaction of 25.64 USD issued by Am.saily*Saily London (fee: 0.14 AUD)","",,,"REVIEW - No rule matched",,,
19/08/2025,-0.14,"Am.saily*Saily London","Wise Charges for: CARD-2806246543","",,,"REVIEW - No rule matched",,,
18/08/2025,-47.85,"News Travels EAGLE FARM","Card transaction of 47.85 AUD issued by News Travels EAGLE FARM","",,,"REVIEW - No rule matched",,,
18/08/2025,-23.31,"Airport Retail Group A BRISBANE AIRP","Card transaction of 23.31 AUD issued by Airport Retail Group A BRISBANE AIRP","",,,"REVIEW - No rule matched",,,
18/08/2025,-21.40,"Yiros Shop Newmarket Newmarket","Card transaction of 21.40 AUD issued by Yiros Shop Newmarket Newmarket","",,,"REVIEW - No rule matched",,,
18/08/2025,-62.24,"Uniqlo Chermside Chermside","Card transaction of 62.24 AUD issued by Uniqlo Chermside Chermside","",,,"REVIEW - No rule matched",,,
14/08/2025,-234.80,"Cathaypacair1604558644714 SYDNEY","Card transaction of 234.80 AUD issued by Cathaypacair1604558644714 SYDNEY","",,,"REVIEW - No rule matched",,,
12/08/2025,-11.99,"Sq *Yozo Kelvin Grove","Card transaction of 11.99 AUD issued by Sq *Yozo Kelvin Grove","",,,"REVIEW - No rule matched",,,
12/08/2025,-63.81,"Sp Hero Packaging PYMBLE","Card transaction of 63.81 AUD issued by Sp Hero Packaging PYMBLE","",,,"REVIEW - No rule matched",,,
11/08/2025,-163.70,"Sp Vochlea Music +442032864236","Card transaction of 79.00 GBP issued by Sp Vochlea Music +442032864236","",,,"REVIEW - No rule matched",,,
11/08/2025,-163.68,"Sp Vochlea Music +442032864236","Card transaction of 79.00 GBP issued by Sp Vochlea Music +442032864236","",,,"REVIEW - No rule matched",,,
11/08/2025,-314.97,"Dhl Express Adc Brisbane","Card transaction of 314.97 AUD issued by Dhl Express Adc Brisbane","",,,"REVIEW - No rule matched",,,
09/08/2025,-107.74,"Linkt Brisbane BRISBANE","Card transaction of 107.74 AUD issued by Linkt Brisbane BRISBANE","",,,"REVIEW - No rule matched",,,
06/08/2025,-73.98,"Kogan.com Nu9jkvmp Melbourne","Card transaction of 73.98 AUD issued by Kogan.com Nu9jkvmp Melbourne","",,,"REVIEW - No rule matched",,,
06/08/2025,-41.20,"Five Star Cinemas NEW FARM","Card transaction of 41.20 AUD issued by Five Star Cinemas NEW FARM","",,,"REVIEW - No rule matched",,,
02/08/2025,-59.47,"Zone Fresh Gourmet Mar WINDSOR","Card transaction of 59.47 AUD issued by Zone Fresh Gourmet Mar WINDSOR","",,,"REVIEW - No rule matched",,,
31/07/2025,-138.18,"Casualse 18682286727","Card transaction of 89.09 USD issued by Casualse 18682286727 (fee: 0.48 AUD)","",,,"REVIEW - No rule matched",,,
31/07/2025,-0.48,"Casualse 18682286727","Wise Charges for: CARD-2741309469","",,,"REVIEW - No rule matched",,,
30/07/2025,-22.22,"Zeus Street Greek - W Windsor","Card transaction of 22.22 AUD issued by Zeus Street Greek - W Windsor","",,,"REVIEW - No rule matched",,,
24/07/2025,-0.50,"South Brisbane Station SOUTH BRISBAN","Card transaction of 0.50 AUD issued by South Brisbane Station SOUTH BRISBAN","",,,"REVIEW - No rule matched",,,
23/07/2025,-368.97,"Walter's Steakhouse Brisbane","Card transaction of 368.97 AUD issued by Walter's Steakhouse Brisbane","",,,"REVIEW - No rule matched",,,
14/07/2025,-6.00,"Sq *Noosavillebakery Noosaville","Card transaction of 6.00 AUD issued by Sq *Noosavillebakery Noosaville","",,,"REVIEW - No rule matched",,,
13/07/2025,-19.95,"Mcdonalds Caboolt Nth BURPENGARY","Card transaction of 19.95 AUD issued by Mcdonalds Caboolt Nth BURPENGARY","",,,"REVIEW - No rule matched",,,
07/07/2025,-60.00,"Modi Corporation RED HILL","Card transaction of 60.00 AUD issued by Modi Corporation RED HILL","",,,"REVIEW - No rule matched",,,
06/07/2025,-54.48,"Sp Heapsgood CAULFIELD NOR","Card transaction of 54.48 AUD issued by Sp Heapsgood CAULFIELD NOR","",,,"REVIEW - No rule matched",,,
05/07/2025,-15.80,"Sq *.la Arepa Brava 1800595310","Card transaction of 15.80 AUD issued by Sq *.la Arepa Brava 1800595310","",,,"REVIEW - No rule matched",,,
05/07/2025,-41.20,"Five Star Cinemas NEW FARM","Card transaction of 41.20 AUD issued by Five Star Cinemas NEW FARM","",,,"REVIEW - No rule matched",,,
25/06/2025,-126.00,"Linktree* Linktree COLLINGWOOD","Card transaction of 126.00 AUD issued by Linktree* Linktree COLLINGWOOD","",,,"REVIEW - No rule matched",,,
18/06/2025,-6.10,"Shafston Hotel BRISBANE","Card transaction of 6.10 AUD issued by Shafston Hotel BRISBANE","",,,"REVIEW - No rule matched",,,
18/06/2025,-40.99,"Shafston Hotel BRISBANE","Card transaction of 40.99 AUD issued by Shafston Hotel BRISBANE","",,,"REVIEW - No rule matched",,,
16/06/2025,-102.97,"Zone Fresh Gourmet Mar WINDSOR","Card transaction of 102.97 AUD issued by Zone Fresh Gourmet Mar WINDSOR","",,,"REVIEW - No rule matched",,,
15/06/2025,-30.00,"Modi Corporation RED HILL","Card transaction of 30.00 AUD issued by Modi Corporation RED HILL","",,,"REVIEW - No rule matched",,,
13/06/2025,-10.90,"Camp Hill Comnty&s C CAMP HILL","Card transaction of 10.90 AUD issued by Camp Hill Comnty&s C CAMP HILL","",,,"REVIEW - No rule matched",,,
13/06/2025,-76.00,"Wall Fabrics Pty Limit FORTITUDE VAL","Card transaction of 76.00 AUD issued by Wall Fabrics Pty Limit FORTITUDE VAL","",,,"REVIEW - No rule matched",,,
13/06/2025,-688.97,"Paypal *Wwwclotfpda 4029357733","Card transaction of 450.00 USD issued by Paypal *Wwwclotfpda 4029357733 (fee: 2.54 AUD)","",,,"REVIEW - No rule matched",,,
13/06/2025,-2.54,"Paypal *Wwwclotfpda 4029357733","Wise Charges for: CARD-2578911088","",,,"REVIEW - No rule matched",,,
08/06/2025,-24.57,"Zeit Fuer Brot Gmbh BERLIN","Card transaction of 14.00 EUR issued by Zeit Fuer Brot Gmbh BERLIN (fee: 0.09 AUD)","",,,"REVIEW - No rule matched",,,
08/06/2025,-0.09,"Zeit Fuer Brot Gmbh BERLIN","Wise Charges for: CARD-2564933524","",,,"REVIEW - No rule matched",,,
08/06/2025,-20.18,"Ls Dolores Mitte Berlin","Card transaction of 11.50 EUR issued by Ls Dolores Mitte Berlin (fee: 0.07 AUD)","",,,"REVIEW - No rule matched",,,
08/06/2025,-0.07,"Ls Dolores Mitte Berlin","Wise Charges for: CARD-2564444140","",,,"REVIEW - No rule matched",,,
08/06/2025,-11.74,"Sumup  *East Eatery Kl Berlin","Card transaction of 9.90 EUR issued by Sumup  *East Eatery Kl Berlin (fee: 0.04 AUD)","",,,"REVIEW - No rule matched",,,
08/06/2025,-0.04,"Sumup  *East Eatery Kl Berlin","Wise Charges for: CARD-2564436987","",,,"REVIEW - No rule matched",,,
06/06/2025,-27.06,"Burgermeister Berlin","Card transaction of 15.39 EUR issued by Burgermeister Berlin (fee: 0.10 AUD)","",,,"REVIEW - No rule matched",,,
06/06/2025,-0.10,"Burgermeister Berlin","Wise Charges for: CARD-2557668842","",,,"REVIEW - No rule matched",,,
06/06/2025,-71.56,"Salumeria Lamuri Berlin","Card transaction of 117.81 EUR issued by Salumeria Lamuri Berlin (fee: 0.25 AUD)","",,,"REVIEW - No rule matched",,,
06/06/2025,-0.25,"Salumeria Lamuri Berlin","Wise Charges for: CARD-2556197762","",,,"REVIEW - No rule matched",,,
22/05/2025,-48.15,"Pza Iv Novembre 1 BOSA","Card transaction of 450.00 EUR issued by Pza Iv Novembre 1 BOSA (fee: 0.16 AUD)","",,,"REVIEW - No rule matched",,,
22/05/2025,-0.16,"Pza Iv Novembre 1 BOSA","Wise Charges for: CARD-2510040676","",,,"REVIEW - No rule matched",,,
19/05/2025,-106.06,"Www.idaservice.org LONDON","Card transaction of 68.00 USD issued by Www.idaservice.org LONDON (fee: 0.39 AUD)","",,,"REVIEW - No rule matched",,,
19/05/2025,-0.39,"Www.idaservice.org LONDON","Wise Charges for: CARD-2500815970","",,,"REVIEW - No rule matched",,,
16/05/2025,-137.49,"Wagamama Hia Doha","Card transaction of 322.00 QAR issued by Wagamama Hia Doha (fee: 1.13 AUD)","",,,"REVIEW - No rule matched",,,
16/05/2025,-1.13,"Wagamama Hia Doha","Wise Charges for: CARD-2491369584","",,,"REVIEW - No rule matched",,,
06/05/2025,-49.58,"Nosq Pty Ltd KELVIN GROVE","Card transaction of 49.58 AUD issued by Nosq Pty Ltd KELVIN GROVE","",,,"REVIEW - No rule matched",,,
03/05/2025,-18.95,"Ampol Hamilton 11781f HAMILTON","Card transaction of 18.95 AUD issued by Ampol Hamilton 11781f HAMILTON","",,,"REVIEW - No rule matched",,,
02/05/2025,-40.03,"Nosq Pty Ltd KELVIN GROVE","Card transaction of 40.03 AUD issued by Nosq Pty Ltd KELVIN GROVE","",,,"REVIEW - No rule matched",,,
29/04/2025,-50.00,"Nosq Pty Ltd KELVIN GROVE","Card transaction of 50.00 AUD issued by Nosq Pty Ltd KELVIN GROVE","",,,"REVIEW - No rule matched",,,
21/04/2025,-50.00,"Sq *Trustee For Growl Rac 1800595310","Card transaction of 50.00 AUD issued by Sq *Trustee For Growl Rac 1800595310","",,,"REVIEW - No rule matched",,,
16/04/2025,-175.85,"Rocking Horse Records Brisbane","Card transaction of 175.85 AUD issued by Rocking Horse Records Brisbane","",,,"REVIEW - No rule matched",,,
16/04/2025,-84.99,"Jb Hi Fi Brisbane BRISBANE CITY","Card transaction of 84.99 AUD issued by Jb Hi Fi Brisbane BRISBANE CITY","",,,"REVIEW - No rule matched",,,
13/04/2025,-106.08,"Paypal *Rax Dollies 0417402165","Card transaction of 106.08 AUD issued by Paypal *Rax Dollies 0417402165","",,,"REVIEW - No rule matched",,,
13/04/2025,-30.01,"Nosq Pty Ltd KELVIN GROVE","Card transaction of 30.01 AUD issued by Nosq Pty Ltd KELVIN GROVE","",,,"REVIEW - No rule matched",,,
11/04/2025,-75.68,"Temu.com PARRAMATTA","Card transaction of 75.68 AUD issued by Temu.com PARRAMATTA","",,,"REVIEW - No rule matched",,,
01/04/2025,-41.39,"Tiaro Meats TIARO","Card transaction of 41.39 AUD issued by Tiaro Meats TIARO","",,,"REVIEW - No rule matched",,,
01/04/2025,-18.00,"Jaycar Electronics Aspley","Card transaction of 18.00 AUD issued by Jaycar Electronics Aspley","",,,"REVIEW - No rule matched",,,
31/03/2025,-59.58,"Uniqlo Brisbane Brisbane","Card transaction of 59.58 AUD issued by Uniqlo Brisbane Brisbane","",,,"REVIEW - No rule matched",,,
31/03/2025,-167.34,"Zlr*Ozzytyres Kelvin Gr Kelvin Grove","Card transaction of 167.34 AUD issued by Zlr*Ozzytyres Kelvin Gr Kelvin Grove","",,,"REVIEW - No rule matched",,,
29/03/2025,-12.71,"Mamak Brisbane HAYMARKET","Card transaction of 12.71 AUD issued by Mamak Brisbane HAYMARKET","",,,"REVIEW - No rule matched",,,
29/03/2025,-52.88,"Mamak Brisbane HAYMARKET","Card transaction of 52.88 AUD issued by Mamak Brisbane HAYMARKET","",,,"REVIEW - No rule matched",,,
29/03/2025,-10.00,"Qut Parking KELVIN GROVE","Card transaction of 10.00 AUD issued by Qut Parking KELVIN GROVE","",,,"REVIEW - No rule matched",,,
23/03/2025,-31.67,"Global Entertainment Fortitude Val","Card transaction of 31.67 AUD issued by Global Entertainment Fortitude Val","",,,"REVIEW - No rule matched",,,
23/03/2025,-40.60,"Yoyo Entertainment Pty COOPERS PLAIN","Card transaction of 40.60 AUD issued by Yoyo Entertainment Pty COOPERS PLAIN","",,,"REVIEW - No rule matched",,,
22/03/2025,-28.82,"Zlr*Yard Dogs Fortitude Val","Card transaction of 28.82 AUD issued by Zlr*Yard Dogs Fortitude Val","",,,"REVIEW - No rule matched",,,
22/03/2025,-31.34,"Zlr*Yard Dogs Fortitude Val","Card transaction of 31.34 AUD issued by Zlr*Yard Dogs Fortitude Val","",,,"REVIEW - No rule matched",,,
21/03/2025,-3.54,"Mc Sunnyplaza Pty Ltd Brisbane","Card transaction of 3.54 AUD issued by Mc Sunnyplaza Pty Ltd Brisbane","",,,"REVIEW - No rule matched",,,
21/03/2025,-10.11,"Mc Sunnyplaza Pty Ltd Brisbane","Card transaction of 10.11 AUD issued by Mc Sunnyplaza Pty Ltd Brisbane","",,,"REVIEW - No rule matched",,,
21/03/2025,-199.50,"Brisbane Cbd Csc BRISBANE","Card transaction of 199.50 AUD issued by Brisbane Cbd Csc BRISBANE","",,,"REVIEW - No rule matched",,,
21/03/2025,-11.05,"Mcdonalds Brisbaneair BRISBANE AIRP","Card transaction of 11.05 AUD issued by Mcdonalds Brisbaneair BRISBANE AIRP","",,,"REVIEW - No rule matched",,,
18/03/2025,-34.37,"Officeworks 0437 WILSTON","Card transaction of 34.37 AUD issued by Officeworks 0437 WILSTON","",,,"REVIEW - No rule matched",,,
17/03/2025,-25.35,"Post Red Hill Lpo RED HILL","Card transaction of 25.35 AUD issued by Post Red Hill Lpo RED HILL","",,,"REVIEW - No rule matched",,,
16/03/2025,-8.95,"Carls Jr Fortitude Va Underwood","Card transaction of 8.95 AUD issued by Carls Jr Fortitude Va Underwood","",,,"REVIEW - No rule matched",,,
16/03/2025,-42.00,"Destination Brisbane BRISBANE","Card transaction of 42.00 AUD issued by Destination Brisbane BRISBANE","",,,"REVIEW - No rule matched",,,
14/03/2025,-7.75,"Lonshi Pty Ltd KELVIN GROVE","Card transaction of 7.75 AUD issued by Lonshi Pty Ltd KELVIN GROVE","",,,"REVIEW - No rule matched",,,
12/03/2025,-101.86,"Temu.com PARRAMATTA","Card transaction of 101.86 AUD issued by Temu.com PARRAMATTA","",,,"REVIEW - No rule matched",,,
04/03/2025,-10.30,"Hungry Jacks Helensvale","Card transaction of 10.30 AUD issued by Hungry Jacks Helensvale","",,,"REVIEW - No rule matched",,,
03/03/2025,-145.00,"Shumsher Pty Ltd SALISBURY","Card transaction of 145.00 AUD issued by Shumsher Pty Ltd SALISBURY","",,,"REVIEW - No rule matched",,,
02/03/2025,-15.12,"Paddington Tavern PADDINGTON","Card transaction of 15.12 AUD issued by Paddington Tavern PADDINGTON","",,,"REVIEW - No rule matched",,,
28/02/2025,-21.90,"Carls Jr Fortitude Va Underwood","Card transaction of 21.90 AUD issued by Carls Jr Fortitude Va Underwood","",,,"REVIEW - No rule matched",,,
28/02/2025,-21.23,"Finn Mccools Fortitude FORTITUDE VAL","Card transaction of 21.23 AUD issued by Finn Mccools Fortitude FORTITUDE VAL","",,,"REVIEW - No rule matched",,,
28/02/2025,-5.08,"Zlr*Shah Kebabs 2 Fortitude Val","Card transaction of 5.08 AUD issued by Zlr*Shah Kebabs 2 Fortitude Val","",,,"REVIEW - No rule matched",,,
28/02/2025,-11.80,"Uber *Lıme Help.uber.com Sydney","Card transaction of 11.80 AUD issued by Uber *Lıme Help.uber.com Sydney","",,,"REVIEW - No rule matched",,,
24/02/2025,-103.00,"Nosq Pty Ltd KELVIN GROVE","Card transaction of 103.00 AUD issued by Nosq Pty Ltd KELVIN GROVE","",,,"REVIEW - No rule matched",,,
22/02/2025,-9.99,"Uber   *One SYDNEY","Card transaction of 9.99 AUD issued by Uber   *One SYDNEY","",,,"REVIEW - No rule matched",,,
19/02/2025,-173.00,"Paypal *Carsalesltd 0407595044","Card transaction of 173.00 AUD issued by Paypal *Carsalesltd 0407595044","",,,"REVIEW - No rule matched",,,
17/02/2025,-4.04,"Noah's On The Beach NEWCASTLE EAS","Card transaction of 4.04 AUD issued by Noah's On The Beach NEWCASTLE EAS","",,,"REVIEW - No rule matched",,,
16/02/2025,-217.25,"Noah's On The Beach NEWCASTLE EAS","Card transaction of 217.25 AUD issued by Noah's On The Beach NEWCASTLE EAS","",,,"REVIEW - No rule matched",,,
16/02/2025,-9.99,"Amznprimeau Membership SYDNEY SOUTH","Card transaction of 9.99 AUD issued by Amznprimeau Membership SYDNEY SOUTH","",,,"REVIEW - No rule matched",,,
15/02/2025,-106.79,"The Boathouse Group - MANLY","Card transaction of 106.79 AUD issued by The Boathouse Group - MANLY","",,,"REVIEW - No rule matched",,,
14/02/2025,-50.00,"Newtown Cozy Stays NEWTOWN","Card transaction of 50.00 AUD issued by Newtown Cozy Stays NEWTOWN","",,,"REVIEW - No rule matched",,,
13/02/2025,-300.55,"Adina Apartment Hote DARLINGTON","Card transaction of 300.55 AUD issued by Adina Apartment Hote DARLINGTON","",,,"REVIEW - No rule matched",,,
13/02/2025,-1.00,"Adina Apartment Hotel DARLINGTON","Card transaction of 1.00 AUD issued by Adina Apartment Hotel DARLINGTON","",,,"REVIEW - No rule matched",,,
12/02/2025,-36.41,"Facebk *Mqhdfkusn2 Dublin","Card transaction of 36.41 AUD issued by Facebk *Mqhdfkusn2 Dublin","",,,"REVIEW - No rule matched",,,
11/02/2025,-67.74,"Zlr*Yard Dogs Fortitude Val","Card transaction of 67.74 AUD issued by Zlr*Yard Dogs Fortitude Val","",,,"REVIEW - No rule matched",,,
11/02/2025,-1.00,"Guzman Y Gomez Windsor","Card transaction of 1.00 AUD issued by Guzman Y Gomez Windsor","",,,"REVIEW - No rule matched",,,
11/02/2025,-482.80,"Bright Eyes Brisbane Brisbane Airp","Card transaction of 482.80 AUD issued by Bright Eyes Brisbane Brisbane Airp","",,,"REVIEW - No rule matched",,,
10/02/2025,-14.50,"Ww Metro/105-109 Commerci TENERIFFE","Card transaction of 14.50 AUD issued by Ww Metro/105-109 Commerci TENERIFFE","",,,"REVIEW - No rule matched",,,
08/02/2025,-12.45,"Sq *Hubby's Potatoes - Re Red Hill","Card transaction of 12.45 AUD issued by Sq *Hubby's Potatoes - Re Red Hill","",,,"REVIEW - No rule matched",,,
07/02/2025,-23.26,"Zlr*Yard Dogs Fortitude Val","Card transaction of 23.26 AUD issued by Zlr*Yard Dogs Fortitude Val","",,,"REVIEW - No rule matched",,,
06/02/2025,-12.00,"Convenience Store Brisbane","Card transaction of 12.00 AUD issued by Convenience Store Brisbane","",,,"REVIEW - No rule matched",,,
04/02/2025,-12.00,"Red Ocean Seafood RED HILL","Card transaction of 12.00 AUD issued by Red Ocean Seafood RED HILL","",,,"REVIEW - No rule matched",,,
04/02/2025,-17.47,"Red Hill Pharmacy RED HILL","Card transaction of 17.47 AUD issued by Red Hill Pharmacy RED HILL","",,,"REVIEW - No rule matched",,,
02/02/2025,-2.50,"Translink Smartticket QLD","Card transaction of 2.50 AUD issued by Translink Smartticket QLD","",,,"REVIEW - No rule matched",,,
01/02/2025,-151.30,"Zlr*Maru Brisbane City Brisbane City","Card transaction of 151.30 AUD issued by Zlr*Maru Brisbane City Brisbane City","",,,"REVIEW - No rule matched",,,
31/01/2025,-302.50,"Rad Stickers WARRNAMBOOL","Card transaction of 302.50 AUD issued by Rad Stickers WARRNAMBOOL","",,,"REVIEW - No rule matched",,,
28/01/2025,-240.28,"Dragon Image Pty Ltd BOWEN HILLS","Card transaction of 240.28 AUD issued by Dragon Image Pty Ltd BOWEN HILLS","",,,"REVIEW - No rule matched",,,
25/01/2025,-12.00,"Sq *Willowbank Raceway In Willowbank","Card transaction of 12.00 AUD issued by Sq *Willowbank Raceway In Willowbank","",,,"REVIEW - No rule matched",,,
25/01/2025,-12.00,"Sq *Willowbank Raceway In Willowbank","Card transaction of 12.00 AUD issued by Sq *Willowbank Raceway In Willowbank","",,,"REVIEW - No rule matched",,,
24/01/2025,-20.47,"Chicken Of Rock Fortitude Val","Card transaction of 20.47 AUD issued by Chicken Of Rock Fortitude Val","",,,"REVIEW - No rule matched",,,
24/01/2025,-46.51,"Ampol Chermside 11885f CHERMSIDE","Card transaction of 46.51 AUD issued by Ampol Chermside 11885f CHERMSIDE","",,,"REVIEW - No rule matched",,,
23/01/2025,-82.55,"Post Red Hill Lpo RED HILL","Card transaction of 82.55 AUD issued by Post Red Hill Lpo RED HILL","",,,"REVIEW - No rule matched",,,
22/01/2025,-254.00,"Westpacburlegh Waters BURLEIGH W4","Card transaction of 254.00 AUD issued by Westpacburlegh Waters BURLEIGH W4","",,,"REVIEW - No rule matched",,,
22/01/2025,-46.23,"Sp Ozpack.au SINGAPORE","Card transaction of 46.23 AUD issued by Sp Ozpack.au SINGAPORE","",,,"REVIEW - No rule matched",,,
22/01/2025,-203.20,"Riverside Embroidery S SUMNER","Card transaction of 203.20 AUD issued by Riverside Embroidery S SUMNER","",,,"REVIEW - No rule matched",,,
20/01/2025,-44.04,"Sunstate Fuel And Con Maryborough","Card transaction of 44.04 AUD issued by Sunstate Fuel And Con Maryborough","",,,"REVIEW - No rule matched",,,
20/01/2025,-61.04,"Www.alowishus.com.au MARYBOROUGH","Card transaction of 61.04 AUD issued by Www.alowishus.com.au MARYBOROUGH","",,,"REVIEW - No rule matched",,,
18/01/2025,-9.99,"Uber *One Help.uber.com Sydney","Card transaction of 9.99 AUD issued by Uber *One Help.uber.com Sydney","",,,"REVIEW - No rule matched",,,
16/01/2025,-28.22,"Empire Holdings Qld Pt FORTITUDE VAL","Card transaction of 28.22 AUD issued by Empire Holdings Qld Pt FORTITUDE VAL","",,,"REVIEW - No rule matched",,,
16/01/2025,-50.40,"Empire Holdings Qld Pt FORTITUDE VAL","Card transaction of 50.40 AUD issued by Empire Holdings Qld Pt FORTITUDE VAL","",,,"REVIEW - No rule matched",,,
16/01/2025,-357.50,"Officeworks Bentleigh Eas","Card transaction of 357.50 AUD issued by Officeworks Bentleigh Eas","",,,"REVIEW - No rule matched",,,
16/01/2025,-2.95,"Albion Bowen Hills","Card transaction of 2.95 AUD issued by Albion Bowen Hills","",,,"REVIEW - No rule matched",,,
15/01/2025,-28.31,"Zlr*Yard Dogs Fortitude Val","Card transaction of 28.31 AUD issued by Zlr*Yard Dogs Fortitude Val","",,,"REVIEW - No rule matched",,,
14/01/2025,-359.01,"Paypal *Wwwclotfpda 4029357733","Card transaction of 224.00 USD issued by Paypal *Wwwclotfpda 4029357733 (fee: 1.33 AUD)","",,,"REVIEW - No rule matched",,,
14/01/2025,-1.33,"Paypal *Wwwclotfpda 4029357733","Wise Charges for: CARD-2148727132","",,,"REVIEW - No rule matched",,,
11/01/2025,-71.80,"Farmhouse Kedron KEDRON","Card transaction of 71.80 AUD issued by Farmhouse Kedron KEDRON","",,,"REVIEW - No rule matched",,,
10/01/2025,-198.55,"Post Red Hill Lpo RED HILL","Card transaction of 198.55 AUD issued by Post Red Hill Lpo RED HILL","",,,"REVIEW - No rule matched",,,
09/01/2025,-217.72,"Riverside Embroidery S SUMNER","Card transaction of 217.72 AUD issued by Riverside Embroidery S SUMNER","",,,"REVIEW - No rule matched",,,
08/01/2025,-154.00,"Efisolut 0755760689","Card transaction of 154.00 AUD issued by Efisolut 0755760689","",,,"REVIEW - No rule matched",,,
08/01/2025,-1.67,"Google*Chrome Temp G.CO/HELPPAY#","Card transaction of 1.00 EUR issued by Google*Chrome Temp G.CO/HELPPAY#","",,,"REVIEW - No rule matched",,,
06/01/2025,-82.03,"Nosq Pty Ltd KELVIN GROVE","Card transaction of 82.03 AUD issued by Nosq Pty Ltd KELVIN GROVE","",,,"REVIEW - No rule matched",,,
05/01/2025,-21.64,"The Boundary +61738446504","Card transaction of 21.64 AUD issued by The Boundary +61738446504","",,,"REVIEW - No rule matched",,,
05/01/2025,-54.59,"The Boundary +61738446504","Card transaction of 54.59 AUD issued by The Boundary +61738446504","",,,"REVIEW - No rule matched",,,
05/01/2025,-21.64,"The Boundary Hotel West End","Card transaction of 21.64 AUD issued by The Boundary Hotel West End","",,,"REVIEW - No rule matched",,,
04/01/2025,-2.29,"K&m Services And Inves KANGAROO POIN","Card transaction of 2.29 AUD issued by K&m Services And Inves KANGAROO POIN","",,,"REVIEW - No rule matched",,,
01/01/2025,-23.30,"Cineplex Australia BULIMBA","Card transaction of 23.30 AUD issued by Cineplex Australia BULIMBA","",,,"REVIEW - No rule matched",,,
01/01/2025,-1.68,"Google*Chrome Temp G.CO/HELPPAY#","Card transaction of 1.00 EUR issued by Google*Chrome Temp G.CO/HELPPAY#","",,,"REVIEW - No rule matched",,,
01/01/2025,-15.00,"Secureparkingvoyager - Fortitude Val","Card transaction of 15.00 AUD issued by Secureparkingvoyager - Fortitude Val","",,,"REVIEW - No rule matched",,,
29/12/2024,-20.00,"Secureparkingvoyager - Brisbane","Card transaction of 20.00 AUD issued by Secureparkingvoyager - Brisbane","",,,"REVIEW - No rule matched",,,
29/12/2024,-23.00,"Liquorland 6104 PALM BEACH","Card transaction of 23.00 AUD issued by Liquorland 6104 PALM BEACH","",,,"REVIEW - No rule matched",,,
29/12/2024,-40.00,"Ampol Windsor WINDSOR","Card transaction of 40.00 AUD issued by Ampol Windsor WINDSOR","",,,"REVIEW - No rule matched",,,
29/12/2024,-4.98,"Sunlit Asian Superma KELVIN GROVE","Card transaction of 4.98 AUD issued by Sunlit Asian Superma KELVIN GROVE","",,,"REVIEW - No rule matched",,,
24/12/2024,-93.50,"Istock.com Sydney","Card transaction of 93.50 AUD issued by Istock.com Sydney","",,,"REVIEW - No rule matched",,,
24/12/2024,-20.48,"K&m Services And Inves KANGAROO POIN","Card transaction of 20.48 AUD issued by K&m Services And Inves KANGAROO POIN","",,,"REVIEW - No rule matched",,,
23/12/2024,-34.27,"Crown Hotel +61730517604","Card transaction of 34.27 AUD issued by Crown Hotel +61730517604","",,,"REVIEW - No rule matched",,,
23/12/2024,-117.98,"Crown Hotel +61730517604","Card transaction of 117.98 AUD issued by Crown Hotel +61730517604","",,,"REVIEW - No rule matched",,,
22/12/2024,-40.01,"Nosq Pty Ltd KELVIN GROVE","Card transaction of 40.01 AUD issued by Nosq Pty Ltd KELVIN GROVE","",,,"REVIEW - No rule matched",,,
21/12/2024,-17.19,"Kebab Corner FORTITUDE VAL","Card transaction of 17.19 AUD issued by Kebab Corner FORTITUDE VAL","",,,"REVIEW - No rule matched",,,
21/12/2024,-12.00,"Smp*Albion Convenienc27 Albion","Card transaction of 12.00 AUD issued by Smp*Albion Convenienc27 Albion","",,,"REVIEW - No rule matched",,,
21/12/2024,-28.99,"Paypal *Adobesystem Ado 4029357733","Card transaction of 28.99 AUD issued by Paypal *Adobesystem Ado 4029357733","",,,"REVIEW - No rule matched",,,
20/12/2024,-12.00,"Sq *Echo & Bounce Woolloongabba","Card transaction of 12.00 AUD issued by Sq *Echo & Bounce Woolloongabba","",,,"REVIEW - No rule matched",,,
20/12/2024,-24.00,"Sq *Echo & Bounce Woolloongabba","Card transaction of 24.00 AUD issued by Sq *Echo & Bounce Woolloongabba","",,,"REVIEW - No rule matched",,,
20/12/2024,-14.22,"Sq *Echo & Bounce Woolloongabba","Card transaction of 14.22 AUD issued by Sq *Echo & Bounce Woolloongabba","",,,"REVIEW - No rule matched",,,
20/12/2024,-32.35,"Paypal *Adobesystem Ind 4029357733","Card transaction of 32.35 AUD issued by Paypal *Adobesystem Ind 4029357733","",,,"REVIEW - No rule matched",,,
18/12/2024,-76.50,"Sp Marfar Australia +61425006646","Card transaction of 76.50 AUD issued by Sp Marfar Australia +61425006646","",,,"REVIEW - No rule matched",,,
14/12/2024,-10.00,"Guzman Y Gomez Windsor","Card transaction of 10.00 AUD issued by Guzman Y Gomez Windsor","",,,"REVIEW - No rule matched",,,
11/12/2024,-20.30,"Vault Espresso Noosaville","Card transaction of 20.30 AUD issued by Vault Espresso Noosaville","",,,"REVIEW - No rule matched",,,
10/12/2024,-38.54,"Brewdog Fortitude Vall +611300067986","Card transaction of 38.54 AUD issued by Brewdog Fortitude Vall +611300067986","",,,"REVIEW - No rule matched",,,
10/12/2024,-27.00,"Anita Devi Vimal NEWMARKET","Card transaction of 27.00 AUD issued by Anita Devi Vimal NEWMARKET","",,,"REVIEW - No rule matched",,,
10/12/2024,-6.30,"Nabropure Water Vendin Lidcombe  NSW","Card transaction of 6.30 AUD issued by Nabropure Water Vendin Lidcombe  NSW","",,,"REVIEW - No rule matched",,,
10/12/2024,-12.30,"Nabropure Water Vendin Lidcombe  NSW","Card transaction of 12.30 AUD issued by Nabropure Water Vendin Lidcombe  NSW","",,,"REVIEW - No rule matched",,,
02/12/2024,-0.07,"Periplus-Hardy's Snr SANUR BALI","Wise Charges for: CARD-2027405777","",,,"REVIEW - No rule matched",,,
27/11/2024,-0.26,"Pt Dufrindo Mbl BADUNG - BALI","Wise Charges for: CARD-2012413441","",,,"REVIEW - No rule matched",,,
25/11/2024,-0.25,"Pt Finnet Indonesia 028121580952","Wise Charges for: CARD-2006591518","",,,"REVIEW - No rule matched",,,
25/11/2024,-0.25,"Pt Finnet Indonesia 028121580952","Wise Charges for: CARD-2006458740","",,,"REVIEW - No rule matched",,,
25/11/2024,-0.25,"Pt Finnet Indonesia 028121580952","Wise Charges for: CARD-2006423095","",,,"REVIEW - No rule matched",,,
25/11/2024,-1.00,"Istock.com Sydney","Card transaction of 1.00 AUD issued by Istock.com Sydney","",,,"REVIEW - No rule matched",,,
24/11/2024,-0.25,"Pt Finnet Indonesia 028121580952","Wise Charges for: CARD-2004100483","",,,"REVIEW - No rule matched",,,
22/11/2024,-14.32,"Www.alhgroup.com* Me&u +611300632638","Card transaction of 17.30 AUD issued by Www.alhgroup.com* Me&u +611300632638","",,,"REVIEW - No rule matched",,,
18/11/2024,-80.00,"United Petroleum Pty L TINANA","Card transaction of 80.00 AUD issued by United Petroleum Pty L TINANA","",,,"REVIEW - No rule matched",,,
05/11/2024,-15.00,"Mcdonalds Bris Domair BRISBANE AIRP","Card transaction of 15.00 AUD issued by Mcdonalds Bris Domair BRISBANE AIRP","",,,"REVIEW - No rule matched",,,
04/11/2024,-111.82,"Smp*Momosho Pet Spa Paddington","Card transaction of 111.82 AUD issued by Smp*Momosho Pet Spa Paddington","",,,"REVIEW - No rule matched",,,
03/11/2024,-55.00,"No information","No information","",,,"REVIEW - No rule matched",,,
01/11/2024,-52.75,"Www.theballpark.au WWW.THEBALLPA","Card transaction of 52.75 AUD issued by Www.theballpark.au WWW.THEBALLPA","",,,"REVIEW - No rule matched",,,
31/10/2024,-142.10,"The Ballpark Portside +61438193421","Card transaction of 142.10 AUD issued by The Ballpark Portside +61438193421","",,,"REVIEW - No rule matched",,,
31/10/2024,-67.68,"The Trustee For Dylan ASCOT","Card transaction of 67.68 AUD issued by The Trustee For Dylan ASCOT","",,,"REVIEW - No rule matched",,,
30/10/2024,-276.71,"Paypal Va 4029357733","Card transaction of 276.71 AUD issued by Paypal Va 4029357733","",,,"REVIEW - No rule matched",,,
25/10/2024,-29.44,"Brewdog Fortitude Vall +611300067986","Card transaction of 29.44 AUD issued by Brewdog Fortitude Vall +611300067986","",,,"REVIEW - No rule matched",,,
25/10/2024,-12.00,"Wilson Parking Austral BRISBANE","Card transaction of 12.00 AUD issued by Wilson Parking Austral BRISBANE","",,,"REVIEW - No rule matched",,,
25/10/2024,-364.00,"Paypal *Airbnbpayme  Hm 4029357733","Card transaction of 364.00 AUD issued by Paypal *Airbnbpayme  Hm 4029357733","",,,"REVIEW - No rule matched",,,
22/10/2024,-23.33,"Fiverreu Nicosia","Card transaction of 23.33 AUD issued by Fiverreu Nicosia","",,,"REVIEW - No rule matched",,,
21/10/2024,-33.05,"Farmhouse Kedron +611300067986","Card transaction of 33.05 AUD issued by Farmhouse Kedron +611300067986","",,,"REVIEW - No rule matched",,,
21/10/2024,-94.58,"Farmhouse Kedron +611300067986","Card transaction of 94.58 AUD issued by Farmhouse Kedron +611300067986","",,,"REVIEW - No rule matched",,,
15/10/2024,-49.54,"Crown Hotel App Lutwyche","Card transaction of 49.54 AUD issued by Crown Hotel App Lutwyche","",,,"REVIEW - No rule matched",,,
15/10/2024,-33.00,"Paypal *The Redbook 0407595044","Card transaction of 33.00 AUD issued by Paypal *The Redbook 0407595044","",,,"REVIEW - No rule matched",,,
15/10/2024,-230.60,"Paypal *Xingjincxq4 13612892356","Card transaction of 156.89 USD issued by Paypal *Xingjincxq4 13612892356 (fee: 0.85 AUD)","",,,"REVIEW - No rule matched",,,
15/10/2024,-0.85,"Paypal *Xingjincxq4 13612892356","Wise Charges for: CARD-1891546217","",,,"REVIEW - No rule matched",,,
12/10/2024,-7.20,"Mcdonalds Kangaroo Pt KANGAROO POIN","Card transaction of 7.20 AUD issued by Mcdonalds Kangaroo Pt KANGAROO POIN","",,,"REVIEW - No rule matched",,,
12/10/2024,-17.19,"Zlr*Yard Dogs Fortitude Val","Card transaction of 17.19 AUD issued by Zlr*Yard Dogs Fortitude Val","",,,"REVIEW - No rule matched",,,
12/10/2024,-95.30,"Www.alhgroup.com* Me&u +611300632638","Card transaction of 95.30 AUD issued by Www.alhgroup.com* Me&u +611300632638","",,,"REVIEW - No rule matched",,,
12/10/2024,-17.54,"Bcc Resource Rec Ctr FERNY GROVE","Card transaction of 17.54 AUD issued by Bcc Resource Rec Ctr FERNY GROVE","",,,"REVIEW - No rule matched",,,
10/10/2024,-12.10,"Mcdonalds Pt Macq Hwy PORT MACQUARI","Card transaction of 12.10 AUD issued by Mcdonalds Pt Macq Hwy PORT MACQUARI","",,,"REVIEW - No rule matched",,,
09/10/2024,-116.82,"Paypal *Bookingcoma 4029357733","Card transaction of 116.82 AUD issued by Paypal *Bookingcoma 4029357733","",,,"REVIEW - No rule matched",,,
06/10/2024,-373.90,"Paypal *Ttm 094981554","Card transaction of 373.90 AUD issued by Paypal *Ttm 094981554","",,,"REVIEW - No rule matched",,,
04/10/2024,-14.50,"Destination Brisbane BRISBANE","Card transaction of 14.50 AUD issued by Destination Brisbane BRISBANE","",,,"REVIEW - No rule matched",,,
03/10/2024,-160.80,"Stanley Brisbane","Card transaction of 160.80 AUD issued by Stanley Brisbane","",,,"REVIEW - No rule matched",,,
03/10/2024,-6.29,"Little Red Bakery RED HILL","Card transaction of 6.29 AUD issued by Little Red Bakery RED HILL","",,,"REVIEW - No rule matched",,,
01/10/2024,-15.08,"Linkt Brisbane","Card transaction of 15.08 AUD issued by Linkt Brisbane","",,,"REVIEW - No rule matched",,,
01/10/2024,-100.37,"Linkt Brisbane","Card transaction of 100.37 AUD issued by Linkt Brisbane","",,,"REVIEW - No rule matched",,,
29/09/2024,-52.51,"Temu.com +18884958368","Card transaction of 52.51 AUD issued by Temu.com +18884958368","",,,"REVIEW - No rule matched",,,
28/09/2024,-33.51,"Www.alhgroup.com* Me&u +611300632638","Card transaction of 33.51 AUD issued by Www.alhgroup.com* Me&u +611300632638","",,,"REVIEW - No rule matched",,,
24/09/2024,-72.25,"Dominos Estore Holland Pa dominos.com.a","Card transaction of 72.25 AUD issued by Dominos Estore Holland Pa dominos.com.a","",,,"REVIEW - No rule matched",,,
24/09/2024,-4.40,"Nosq Pty Ltd KELVIN GROVE","Card transaction of 4.40 AUD issued by Nosq Pty Ltd KELVIN GROVE","",,,"REVIEW - No rule matched",,,
24/09/2024,-27.00,"Opv Pty. Ltd. SUNNYBANK","Card transaction of 27.00 AUD issued by Opv Pty. Ltd. SUNNYBANK","",,,"REVIEW - No rule matched",,,
20/09/2024,-81.02,"La Patrona Mexican Cu Teneriffe","Card transaction of 81.02 AUD issued by La Patrona Mexican Cu Teneriffe","",,,"REVIEW - No rule matched",,,
19/09/2024,-16.50,"Delaware North Retai MELBOURNE AIR","Card transaction of 16.50 AUD issued by Delaware North Retai MELBOURNE AIR","",,,"REVIEW - No rule matched",,,
17/09/2024,-8.90,"Mcdonalds Bris Domair BRISBANE AIRP","Card transaction of 8.90 AUD issued by Mcdonalds Bris Domair BRISBANE AIRP","",,,"REVIEW - No rule matched",,,
21/08/2024,-2.71,"Hsbc/whampoa Garden Eb HONG KONG","Wise Charges for: CARD-1735385177","",,,"REVIEW - No rule matched",,,
21/08/2024,-2.69,"Hsbc/whampoa Garden Eb HONG KONG","Wise Charges for: CARD-1735376405","",,,"REVIEW - No rule matched",,,
14/05/2024,-310.44,"Paypal *Wwwclotfpda 4029357733","Card transaction of 205.00 USD issued by Paypal *Wwwclotfpda 4029357733 (fee: 1.15 AUD)","",,,"REVIEW - No rule matched",,,
14/05/2024,-1.15,"Paypal *Wwwclotfpda 4029357733","Wise Charges for: CARD-1458978974","",,,"REVIEW - No rule matched",,,
21/08/2023,-25.04,"Eg Group/72 Webster Rd (c CHERMSIDE","Card transaction of 25.04 AUD issued by Eg Group/72 Webster Rd (c CHERMSIDE","",,,"REVIEW - No rule matched",,,
21/08/2023,-69.00,"Officeworks 0437 WILSTON","Card transaction of 69.00 AUD issued by Officeworks 0437 WILSTON","",,,"REVIEW - No rule matched",,,
20/08/2023,-11.20,"7-Eleven 4126 SPRING HILL","Card transaction of 11.20 AUD issued by 7-Eleven 4126 SPRING HILL","",,,"REVIEW - No rule matched",,,
20/08/2023,-12.00,"Tpchf Straw Sundae CHERMSIDE","Card transaction of 12.00 AUD issued by Tpchf Straw Sundae CHERMSIDE","",,,"REVIEW - No rule matched",,,
20/08/2023,-7.00,"Sq *Polar Cones Pty Ltd Fortitude Val","Card transaction of 7.00 AUD issued by Sq *Polar Cones Pty Ltd Fortitude Val","",,,"REVIEW - No rule matched",,,
20/08/2023,-12.24,"Sq *Pinks Since 1963 Fortitude Val","Card transaction of 12.24 AUD issued by Sq *Pinks Since 1963 Fortitude Val","",,,"REVIEW - No rule matched",,,
20/08/2023,-78.62,"The Royal National A BOWEN HILLS","Card transaction of 78.62 AUD issued by The Royal National A BOWEN HILLS","",,,"REVIEW - No rule matched",,,
18/08/2023,-1.01,"Zlr*Yard Dogs Fortitude Val","Card transaction of 1.01 AUD issued by Zlr*Yard Dogs Fortitude Val","",,,"REVIEW - No rule matched",,,
02/08/2023,-6.00,"Wise Card Acquisition","Wise Card Acquisition","",,,"REVIEW - No rule matched",,,
21/09/2022,-120.00,"116pin* Safety Cert Q Maudsland","Card transaction of 120.00 AUD issued by 116pin* Safety Cert Q Maudsland","",,,"REVIEW - No rule matched",,,
15/08/2022,-16.60,"Annabels Pantr3065257 KURANDA","Card transaction of 16.60 AUD issued by Annabels Pantr3065257 KURANDA","",,,"REVIEW - No rule matched",,,
12/08/2022,-4.90,"Red Beret Hotel REDLYNCH","Card transaction of 4.90 AUD issued by Red Beret Hotel REDLYNCH","",,,"REVIEW - No rule matched",,,
11/08/2022,-65.03,"Puma Energy Stratfor STRATFORD","Card transaction of 65.03 AUD issued by Puma Energy Stratfor STRATFORD","",,,"REVIEW - No rule matched",,,
24/07/2022,-101.76,"Miles Mobility Gmbh +493083799699","Card transaction of 69.00 EUR issued by Miles Mobility Gmbh +493083799699 (fee: 0.45 AUD)","",,,"REVIEW - No rule matched",,,
24/07/2022,-0.45,"Miles Mobility Gmbh +493083799699","Wise Charges for: CARD-372228054","",,,"REVIEW - No rule matched",,,
24/07/2022,-22.12,"Alter Roter Lowe Rein BERLIN","Card transaction of 15.00 EUR issued by Alter Roter Lowe Rein BERLIN (fee: 0.10 AUD)","",,,"REVIEW - No rule matched",,,
24/07/2022,-0.10,"Alter Roter Lowe Rein BERLIN","Wise Charges for: CARD-371963539","",,,"REVIEW - No rule matched",,,
24/07/2022,-11.55,"Edeka Siebert Berlin","Card transaction of 7.83 EUR issued by Edeka Siebert Berlin (fee: 0.05 AUD)","",,,"REVIEW - No rule matched",,,
24/07/2022,-0.05,"Edeka Siebert Berlin","Wise Charges for: CARD-371731664","",,,"REVIEW - No rule matched",,,
23/07/2022,-23.30,"Sumup  *Phan & Do Gbr Berlin","Card transaction of 15.80 EUR issued by Sumup  *Phan & Do Gbr Berlin (fee: 0.10 AUD)","",,,"REVIEW - No rule matched",,,
23/07/2022,-0.10,"Sumup  *Phan & Do Gbr Berlin","Wise Charges for: CARD-370757336","",,,"REVIEW - No rule matched",,,
22/07/2022,-20.44,"Kaufland Berlin Neuko BERLIN NEUKOE","Card transaction of 13.93 EUR issued by Kaufland Berlin Neuko BERLIN NEUKOE (fee: 0.09 AUD)","",,,"REVIEW - No rule matched",,,
22/07/2022,-0.09,"Kaufland Berlin Neuko BERLIN NEUKOE","Wise Charges for: CARD-370259433","",,,"REVIEW - No rule matched",,,
22/07/2022,-6.50,"Ztl*Duo Sicilian Ice Berlin","Card transaction of 4.40 EUR issued by Ztl*Duo Sicilian Ice Berlin (fee: 0.03 AUD)","",,,"REVIEW - No rule matched",,,
22/07/2022,-0.03,"Ztl*Duo Sicilian Ice Berlin","Wise Charges for: CARD-369769496","",,,"REVIEW - No rule matched",,,
21/07/2022,-78.66,"Kadewe Food Berlin","Card transaction of 53.00 EUR issued by Kadewe Food Berlin (fee: 0.35 AUD)","",,,"REVIEW - No rule matched",,,
21/07/2022,-0.35,"Kadewe Food Berlin","Wise Charges for: CARD-369375978","",,,"REVIEW - No rule matched",,,
21/07/2022,-57.22,"Uniqlo 201 Berlin","Card transaction of 79.90 EUR issued by Uniqlo 201 Berlin (fee: 0.25 AUD)","",,,"REVIEW - No rule matched",,,
21/07/2022,-0.25,"Uniqlo 201 Berlin","Wise Charges for: CARD-369328100","",,,"REVIEW - No rule matched",,,
18/07/2022,-42.81,"Pesantissino LONDON  NW1","Card transaction of 24.50 GBP issued by Pesantissino LONDON  NW1 (fee: 0.19 AUD)","",,,"REVIEW - No rule matched",,,
18/07/2022,-0.19,"Pesantissino LONDON  NW1","Wise Charges for: CARD-366051105","",,,"REVIEW - No rule matched",,,
17/07/2022,-19.22,"Iz *Lord Of The Wings LONDON","Card transaction of 11.00 GBP issued by Iz *Lord Of The Wings LONDON (fee: 0.08 AUD)","",,,"REVIEW - No rule matched",,,
17/07/2022,-0.08,"Iz *Lord Of The Wings LONDON","Wise Charges for: CARD-365757778","",,,"REVIEW - No rule matched",,,
17/07/2022,-4.89,"Tesco Stores 2249 LONDON","Card transaction of 2.80 GBP issued by Tesco Stores 2249 LONDON (fee: 0.02 AUD)","",,,"REVIEW - No rule matched",,,
17/07/2022,-0.02,"Tesco Stores 2249 LONDON","Wise Charges for: CARD-365748314","",,,"REVIEW - No rule matched",,,
16/07/2022,-6.90,"Ztl*Pink Grapefruit London","Card transaction of 9.70 GBP issued by Ztl*Pink Grapefruit London (fee: 0.03 AUD)","",,,"REVIEW - No rule matched",,,
16/07/2022,-0.03,"Ztl*Pink Grapefruit London","Wise Charges for: CARD-364849521","",,,"REVIEW - No rule matched",,,
22/02/2022,-109.92,"Bauhaus 814 BERLIN","Card transaction of 69.92 EUR issued by Bauhaus 814 BERLIN (fee: 0.48 AUD)","",,,"REVIEW - No rule matched",,,
22/02/2022,-0.48,"Bauhaus 814 BERLIN","Wise Charges for: CARD-256845146","",,,"REVIEW - No rule matched",,,
22/02/2022,-206.13,"Supreme Berlin","Card transaction of 306.40 EUR issued by Supreme Berlin (fee: 0.91 AUD)","",,,"REVIEW - No rule matched",,,
22/02/2022,-0.91,"Supreme Berlin","Wise Charges for: CARD-256809736","",,,"REVIEW - No rule matched",,,
09/04/2021,-2.68,"Wise Card Acquisition","Wise Card Acquisition","",,,"REVIEW - No rule matched",,,